my_date,my_data
2022-12-12,963e07c596
2022-09-22,6e8b5918b0
2022-10-07,f3c7fc9982
2022-10-11,52ef6e6e58
2022-07-09,f78a8b1c28
2022-08-01,fe78b9daef
2022-12-30,86952b9cc5
2022-03-16,793b8b8533
2022-07-01,a90f862917
2022-11-01,3e39e6e552
2022-04-19,80c07d407d
2022-05-10,464ffaacd3
2022-01-23,7e734b05fa
2022-08-29,d8ca4a1b98
2022-11-20,3d23cba7c3
2022-06-18,9a38978c74
2022-10-18,cf14892929
2022-12-22,5d44881143
2022-07-15,ad9e4e51dc
2022-07-24,d4905ea8f4
2022-03-10,ae35c5c90e
2022-08-02,7faadac69d
2022-07-15,cf34c7d91b
2022-06-28,591fa0688a
2022-09-07,1cc7665b42
2022-02-09,3bf313970d
2022-04-27,f3f51a56a3
2022-08-09,4717cd7bcd
2022-02-26,a0f2daee86
2022-12-23,d211e85254
2022-11-12,3c7ee15063
2022-11-10,4eee230f7d
2022-09-16,4fa8f7f982
2022-07-29,9d08dbd9b1
2022-06-18,4f5fe607a1
2022-11-28,063d7481b3
2022-05-08,a4b819cb95
2022-05-22,d41870b6f9
2022-12-13,bd87728502
2022-08-09,e008ab89ff
2022-03-07,29630baadd
2022-07-19,e4951dc229
2022-02-03,0c77068e0f
2022-11-15,9bdcc9e919
2022-08-25,1b7bd8743d
2022-08-05,dd89994d3a
2022-07-30,e22981ff3b
2022-06-18,3cbee3f1c9
2022-09-22,490f7dbd16
2022-06-26,1f3bb4fa17
2022-10-31,f70cc68c00
2022-04-22,cf8cbb6435
2022-11-12,c193fd280e
2022-02-03,fb9209ae52
2022-10-22,ad29d31689
2022-05-15,6f069065e6
2022-03-17,f1d0dd296f
2022-03-07,fd132ff746
2022-11-21,895ec6602f
2022-12-07,a76d78cd4f
2022-08-05,4bf0b5d66c
2022-11-08,770d561191
2022-02-04,6b7e6b8e75
2022-12-20,2f1661c22a
2022-10-13,0457bdc810
2022-11-26,2db24752cb
2022-01-11,621a17b2c5
2022-01-14,d58b6456a1
2022-07-28,e6ca78ef2c
2022-02-11,c69bffa9e2
2022-03-23,623f4b6c50
2022-08-13,474043db7e
2022-06-28,1bf0df6c2c
2022-10-01,a834068812
2022-12-16,ed091590e9
2022-02-11,4dd473ec97
2022-04-19,7145e80209
2022-10-08,5ef85a740a
2022-01-15,f97d9fb62b
2022-01-31,3940b55d13
2022-08-02,bc9cffea08
2022-02-18,6af44ae5c7
2022-08-14,8a9d657759
2022-02-19,1ff97f9ed3
2022-08-03,1b350302f8
2022-08-18,b19eca2c57
2022-10-17,e0dcc19a6b
2022-12-24,aa5cf4fd19
2022-08-09,40f4bb2a22
2022-01-31,ec1ef3920b
2022-06-07,5214888281
2022-10-16,1f3a81fa3e
2022-04-21,cc06838a6a
2022-08-16,af8e4f59cc
2022-07-20,8f12770479
2022-07-31,8a400345e3
2022-10-19,1821476933
2022-10-13,bdc8431195
2022-06-15,382444098e
2022-10-19,6459aa5b6e
